<step title="BackgroundTrace" date="2025-10-28T06:52:33.387" instance="aff901" url="/deploy" method="POST" >
  <step title="Creating temporary deployment - FetchDeploymentManager" date="2025-10-28T06:52:33.489" /><!-- duration: 1ms -->
  <step title="Creating temporary deployment" date="2025-10-28T06:52:33.493" /><!-- duration: 66ms -->
  <step title="Performing fetch based deployment" date="2025-10-28T06:52:33.815" >
    <step title="Deployment timer started" date="2025-10-28T06:52:38.371" >
      <step title="DeploymentManager.Deploy(id:4c8f05666d2d0dae56930b2d8a8582d58c9f1a87)" date="2025-10-28T06:52:38.385" >
        <step title="Collecting changeset information" date="2025-10-28T06:52:38.406" /><!-- duration: 127ms -->
        <step title="Updating submodules" date="2025-10-28T06:52:38.602" /><!-- duration: 1145ms -->
        <step title="Determining deployment builder" date="2025-10-28T06:52:40.094" >
          <step title="Builder is OryxBuilder" date="2025-10-28T06:52:40.098" /><!-- duration: 4ms -->
        </step><!-- duration: 16ms -->
        <step title="PreDeployment: context.CleanOutputPath False" date="2025-10-28T06:52:40.189" >
          <step title="PreDeployment: context.OutputPath /home/site/wwwroot" date="2025-10-28T06:52:40.406" >
            <step title="Building" date="2025-10-28T06:52:40.598" >
              <step title="Executing external process" date="2025-10-28T06:52:40.915" type="process" path="bash" arguments="-c &quot;oryx build /home/site/repository -o /home/site/wwwroot --platform nodejs --platform-version 20 -p virtualenv_name= --log-file /tmp/build-debug.log  -i /tmp/8de15ee964d2435 -p compress_node_modules=tar-gz | tee /tmp/oryx-build.log ; exit $PIPESTATUS &quot;" /><!-- duration: 31862ms -->
              <step title="Using GenericDeploymentLogParser" date="2025-10-28T06:53:13.202" /><!-- duration: 31ms -->
              <step title="Triggering recycle (preview mode disabled)." date="2025-10-28T06:53:14.591" /><!-- duration: 49ms -->
              <step title="Modified file to trigger a restart of the app container." date="2025-10-28T06:53:14.710" /><!-- duration: 2ms -->
              <step title="Skip function trigger and logicapp sync because function is not enabled." date="2025-10-28T06:53:14.718" /><!-- duration: 2ms -->
            </step><!-- duration: 35315ms -->
          </step><!-- duration: 35556ms -->
          <step title="Cleaning up temp files" date="2025-10-28T06:53:15.970" /><!-- duration: 243ms -->
          <step title="Cleaning up temp files" date="2025-10-28T06:53:16.223" /><!-- duration: 541ms -->
          <step title="Reloading status file with latest updates" date="2025-10-28T06:53:16.816" >
            <step title="WebHooksManager.PublishEventAsync: PostDeployment" date="2025-10-28T06:53:16.835" /><!-- duration: 100ms -->
          </step><!-- duration: 130ms -->
          <step title="Cleaning up temporary deployment - fetch deployment was successful" date="2025-10-28T06:53:16.964" /><!-- duration: 4ms -->
        </step><!-- duration: 36838ms -->
      </step><!-- duration: 38690ms -->
