<step title="BackgroundTrace" date="2025-10-28T07:14:08.602" instance="aff901" url="/deploy" method="POST" >
  <step title="Creating temporary deployment - FetchDeploymentManager" date="2025-10-28T07:14:08.780" /><!-- duration: 1ms -->
  <step title="Creating temporary deployment" date="2025-10-28T07:14:08.786" /><!-- duration: 110ms -->
  <step title="Performing fetch based deployment" date="2025-10-28T07:14:09.222" >
    <step title="Deployment timer started" date="2025-10-28T07:14:29.491" >
      <step title="DeploymentManager.Deploy(id:8c1ea983ad00c0164a56ba2c6b10208e0998cf3e)" date="2025-10-28T07:14:29.499" >
        <step title="Collecting changeset information" date="2025-10-28T07:14:29.550" /><!-- duration: 111ms -->
        <step title="Updating submodules" date="2025-10-28T07:14:29.665" /><!-- duration: 1155ms -->
        <step title="Determining deployment builder" date="2025-10-28T07:14:31.082" >
          <step title="Builder is OryxBuilder" date="2025-10-28T07:14:31.097" /><!-- duration: 12ms -->
        </step><!-- duration: 34ms -->
        <step title="PreDeployment: context.CleanOutputPath False" date="2025-10-28T07:14:31.184" >
          <step title="PreDeployment: context.OutputPath /home/site/wwwroot" date="2025-10-28T07:14:31.314" >
            <step title="Building" date="2025-10-28T07:14:31.477" >
              <step title="Executing external process" date="2025-10-28T07:14:32.083" type="process" path="bash" arguments="-c &quot;oryx build /home/site/repository -o /home/site/wwwroot --platform nodejs --platform-version 20 -p virtualenv_name= --log-file /tmp/build-debug.log  -i /tmp/8de15f1a3b87059 -p compress_node_modules=tar-gz | tee /tmp/oryx-build.log ; exit $PIPESTATUS &quot;" /><!-- duration: 46439ms -->
              <step title="Using GenericDeploymentLogParser" date="2025-10-28T07:15:19.433" /><!-- duration: 4ms -->
              <step title="Triggering recycle (preview mode disabled)." date="2025-10-28T07:15:21.808" /><!-- duration: 21ms -->
              <step title="Modified file to trigger a restart of the app container." date="2025-10-28T07:15:21.890" /><!-- duration: 10ms -->
              <step title="Skip function trigger and logicapp sync because function is not enabled." date="2025-10-28T07:15:21.968" /><!-- duration: 3ms -->
            </step><!-- duration: 52013ms -->
          </step><!-- duration: 52244ms -->
          <step title="Cleaning up temp files" date="2025-10-28T07:15:23.569" /><!-- duration: 484ms -->
          <step title="Cleaning up temp files" date="2025-10-28T07:15:24.072" /><!-- duration: 552ms -->
          <step title="Reloading status file with latest updates" date="2025-10-28T07:15:27.233" >
            <step title="WebHooksManager.PublishEventAsync: PostDeployment" date="2025-10-28T07:15:27.243" /><!-- duration: 232ms -->
          </step><!-- duration: 260ms -->
          <step title="Cleaning up temporary deployment - fetch deployment was successful" date="2025-10-28T07:15:27.514" /><!-- duration: 18ms -->
        </step><!-- duration: 56423ms -->
      </step><!-- duration: 58151ms -->
