<step title="Incoming Request" date="2025-10-28T06:47:31.848" instance="aff901" url="/api/zipdeploy?isAsync=true" method="POST" type="request" pid="821,1,27" Accept="*/*" Host="bigin-webhook-server.scm.azurewebsites.net" User-Agent="AZURECLI/2.77.0 (MSI)" Accept-Encoding="gzip, deflate" Authorization="Bea..." Cache-Control="no-cache" Content-Type="application/octet-stream" Content-Length="24903" x-ms-client-request-id="f3b74c8b-b3c9-11f0-9ae2-04e8b98032ce" x-ms-artifact-checksum="3180ef7469fcbd5323de355c4389b2cc23332429f8799ad98eddb4763079408b" X-ARR-LOG-ID="f3b74c8b-b3c9-11f0-9ae2-04e8b98032ce" CLIENT-IP="117.195.98.255:65127" X-SITE-DEPLOYMENT-ID="bigin-webhook-server" WAS-DEFAULT-HOSTNAME="bigin-webhook-server.scm.azurewebsites.net" X-Forwarded-Proto="https" X-AppService-Proto="https" X-Forwarded-TlsVersion="1.3" X-WAWS-Unencoded-URL="/api/zipdeploy?isAsync=true" X-Client-IP="117.195.98.255" X-Client-Port="65127" >
  <step title="Cleanup Xml Logs" date="2025-10-28T06:47:31.849" /><!-- duration: 4ms -->
  <step title="ZipPushDeploy" date="2025-10-28T06:47:31.878" >
    <step title="ZipDeploy. Extract zip." date="2025-10-28T06:47:31.887" /><!-- duration: 9ms -->
    <step title="Starting PushDeployAsync" date="2025-10-28T06:47:31.898" /><!-- duration: 2ms -->
    <step title="Writing artifact to /tmp/zipdeploy/585f9f03-9b27-400b-906a-20f8a30b4793.zip" date="2025-10-28T06:47:31.913" >
      <step title="Writing multipart request body to /tmp/zipdeploy/585f9f03-9b27-400b-906a-20f8a30b4793.zip" date="2025-10-28T06:47:31.917" /><!-- duration: 23ms -->
    </step><!-- duration: 52ms -->
    <step title="Start deployment in the background" date="2025-10-28T06:47:31.975" >
      <step title="Acquiring Deployment Lock" date="2025-10-28T06:47:32.007" /><!-- duration: 2ms -->
      <step title="Acquired Deployment Lock" date="2025-10-28T06:47:32.049" /><!-- duration: 11ms -->
    </step><!-- duration: 162ms -->
  </step><!-- duration: 277ms -->
  <step title="Outgoing response" date="2025-10-28T06:47:32.162" type="response" statusCode="202" statusText="Accepted" /><!-- duration: 2ms -->
</step><!-- duration: 318ms -->
