<step title="Incoming Request" date="2025-10-28T06:52:33.233" instance="aff901" url="/deploy?scmType=ExternalGit&amp;isAsync=true" method="POST" type="request" pid="820,1,18" Host="bigin-webhook-server.scm.azurewebsites.net" User-Agent="Azure-WebSites-Controller/105.0.7.86" Authorization="Bas..." Expect="100-continue" Content-Length="93" x-ms-request-id="be59e9ba-03fa-4ea8-9e3a-e9d5951a9642" X-ARR-LOG-ID="be59e9ba-03fa-4ea8-9e3a-e9d5951a9642" CLIENT-IP="20.119.16.29:5890" X-SITE-DEPLOYMENT-ID="bigin-webhook-server" WAS-DEFAULT-HOSTNAME="bigin-webhook-server.scm.azurewebsites.net" X-MS-PLATFORM-INTERNAL="True" X-Forwarded-Proto="https" X-AppService-Proto="https" X-Forwarded-TlsVersion="1.3" X-WAWS-Unencoded-URL="/deploy?scmType=ExternalGit&amp;isAsync=true" X-Client-IP="20.119.16.29" X-Client-Port="5890" >
  <step title="Cleanup Xml Logs" date="2025-10-28T06:52:33.234" /><!-- duration: 4ms -->
  <step title="FetchHandler" date="2025-10-28T06:52:33.254" >
    <step title="Executing external process" date="2025-10-28T06:52:33.278" type="process" path="git" arguments="rev-parse --git-dir" /><!-- duration: 25ms -->
    <step title="Executing external process" date="2025-10-28T06:52:33.306" type="process" path="git" arguments="rev-parse --git-dir" /><!-- duration: 12ms -->
    <step title="Executing external process" date="2025-10-28T06:52:33.335" type="process" path="git" arguments="log -n 1 azure-deployment --" /><!-- duration: 45ms -->
    <step title="Start deployment in the background" date="2025-10-28T06:52:33.384" >
      <step title="Executing external process" date="2025-10-28T06:52:33.396" type="process" path="git" arguments="rev-parse --git-dir" /><!-- duration: 20ms -->
      <step title="Executing external process" date="2025-10-28T06:52:33.423" type="process" path="git" arguments="rev-parse --git-dir" /><!-- duration: 14ms -->
      <step title="Executing external process" date="2025-10-28T06:52:33.439" type="process" path="git" arguments="log -n 1 azure-deployment --" /><!-- duration: 18ms -->
      <step title="Acquiring Deployment Lock" date="2025-10-28T06:52:33.459" /><!-- duration: 7ms -->
      <step title="Acquired Deployment Lock" date="2025-10-28T06:52:33.485" /><!-- duration: 2ms -->
    </step><!-- duration: 176ms -->
  </step><!-- duration: 308ms -->
  <step title="Outgoing response" date="2025-10-28T06:52:33.564" type="response" statusCode="202" statusText="Accepted" /><!-- duration: 2ms -->
</step><!-- duration: 335ms -->
