<step title="Incoming Request" date="2025-10-28T06:49:46.286" instance="aff901" url="/deploy?scmType=ExternalGit&amp;isAsync=true" method="POST" type="request" pid="820,1,7" Host="bigin-webhook-server.scm.azurewebsites.net" User-Agent="Azure-WebSites-Controller/105.0.7.86" Authorization="Bas..." Expect="100-continue" Content-Length="93" x-ms-request-id="1069d0cb-17aa-4161-94b8-59595efe50b5" X-ARR-LOG-ID="1069d0cb-17aa-4161-94b8-59595efe50b5" CLIENT-IP="20.119.16.29:7041" X-SITE-DEPLOYMENT-ID="bigin-webhook-server" WAS-DEFAULT-HOSTNAME="bigin-webhook-server.scm.azurewebsites.net" X-MS-PLATFORM-INTERNAL="True" X-Forwarded-Proto="https" X-AppService-Proto="https" X-Forwarded-TlsVersion="1.3" X-WAWS-Unencoded-URL="/deploy?scmType=ExternalGit&amp;isAsync=true" X-Client-IP="20.119.16.29" X-Client-Port="7041" >
  <step title="FetchHandler" date="2025-10-28T06:49:46.377" >
    <step title="GitExeRepository.Initialize" date="2025-10-28T06:49:46.568" >
      <step title="Executing external process" date="2025-10-28T06:49:46.578" type="process" path="git" arguments="init" /><!-- duration: 726ms -->
      <step title="Executing external process" date="2025-10-28T06:49:47.313" type="process" path="git" arguments="config core.autocrlf false" /><!-- duration: 43ms -->
      <step title="Executing external process" date="2025-10-28T06:49:47.373" type="process" path="git" arguments="config core.preloadindex true" /><!-- duration: 21ms -->
      <step title="Executing external process" date="2025-10-28T06:49:47.397" type="process" path="git" arguments="config user.name &quot;unknown&quot;" /><!-- duration: 24ms -->
      <step title="Executing external process" date="2025-10-28T06:49:47.423" type="process" path="git" arguments="config user.email &quot;unknown&quot;" /><!-- duration: 29ms -->
      <step title="Executing external process" date="2025-10-28T06:49:47.455" type="process" path="git" arguments="config filter.lfs.clean &quot;git-lfs clean %f&quot;" /><!-- duration: 23ms -->
      <step title="Executing external process" date="2025-10-28T06:49:47.480" type="process" path="git" arguments="config filter.lfs.smudge &quot;git-lfs smudge %f&quot;" /><!-- duration: 33ms -->
      <step title="Executing external process" date="2025-10-28T06:49:47.560" type="process" path="git" arguments="config filter.lfs.required true" /><!-- duration: 23ms -->
      <step title="Configure git server" date="2025-10-28T06:49:47.585" >
        <step title="Executing external process" date="2025-10-28T06:49:47.588" type="process" path="git" arguments="config receive.denyCurrentBranch ignore" /><!-- duration: 23ms -->
      </step><!-- duration: 41ms -->
      <step title="Create deny users for .git folder" date="2025-10-28T06:49:47.628" /><!-- duration: 22ms -->
      <step title="Configure git-credential" date="2025-10-28T06:49:47.651" >
        <step title="Executing external process" date="2025-10-28T06:49:47.678" type="process" path="git" arguments="config credential.helper &quot;!&apos;/home/site/repository/.git/hooks/git-credential-invalid.sh&apos;&quot;" /><!-- duration: 48ms -->
      </step><!-- duration: 84ms -->
      <step title="Setup post receive hook" date="2025-10-28T06:49:47.739" >
        <step title="Non-Windows enviroment, granting 755 permission to post-receive hook file" date="2025-10-28T06:49:47.761" /><!-- duration: 33ms -->
      </step><!-- duration: 57ms -->
    </step><!-- duration: 1230ms -->
    <step title="Executing external process" date="2025-10-28T06:49:47.801" type="process" path="git" arguments="log -n 1 azure-deployment --" >
      <step title="Process dump" date="2025-10-28T06:49:47.836" exitCode="128" type="processOutput" /><!-- duration: 2ms -->
    </step><!-- duration: 40ms -->
    <step title="Start deployment in the background" date="2025-10-28T06:49:47.844" >
      <step title="Executing external process" date="2025-10-28T06:49:47.886" type="process" path="git" arguments="rev-parse --git-dir" /><!-- duration: 33ms -->
      <step title="Executing external process" date="2025-10-28T06:49:47.927" type="process" path="git" arguments="rev-parse --git-dir" /><!-- duration: 20ms -->
      <step title="Executing external process" date="2025-10-28T06:49:47.956" type="process" path="git" arguments="log -n 1 azure-deployment --" >
        <step title="Process dump" date="2025-10-28T06:49:47.988" exitCode="128" type="processOutput" /><!-- duration: 2ms -->
      </step><!-- duration: 35ms -->
      <step title="Acquiring Deployment Lock" date="2025-10-28T06:49:47.993" /><!-- duration: 3ms -->
      <step title="Acquired Deployment Lock" date="2025-10-28T06:49:48.038" /><!-- duration: 2ms -->
    </step><!-- duration: 264ms -->
  </step><!-- duration: 1736ms -->
  <step title="Outgoing response" date="2025-10-28T06:49:48.116" type="response" statusCode="202" statusText="Accepted" /><!-- duration: 2ms -->
</step><!-- duration: 1834ms -->
