<step title="BackgroundTrace" date="2025-10-28T06:49:47.847" instance="aff901" url="/deploy" method="POST" >
  <step title="Creating temporary deployment - FetchDeploymentManager" date="2025-10-28T06:49:48.043" /><!-- duration: 2ms -->
  <step title="Creating temporary deployment" date="2025-10-28T06:49:48.047" /><!-- duration: 59ms -->
  <step title="Performing fetch based deployment" date="2025-10-28T06:49:48.242" >
    <step title="Deployment timer started" date="2025-10-28T06:50:14.156" >
      <step title="DeploymentManager.Deploy(id:4c8f05666d2d0dae56930b2d8a8582d58c9f1a87)" date="2025-10-28T06:50:14.162" >
        <step title="Collecting changeset information" date="2025-10-28T06:50:14.200" /><!-- duration: 151ms -->
        <step title="Updating submodules" date="2025-10-28T06:50:14.354" /><!-- duration: 1216ms -->
        <step title="Determining deployment builder" date="2025-10-28T06:50:15.825" >
          <step title="Builder is OryxBuilder" date="2025-10-28T06:50:15.845" /><!-- duration: 11ms -->
        </step><!-- duration: 34ms -->
        <step title="PreDeployment: context.CleanOutputPath False" date="2025-10-28T06:50:15.903" >
          <step title="PreDeployment: context.OutputPath /home/site/wwwroot" date="2025-10-28T06:50:16.057" >
            <step title="Building" date="2025-10-28T06:50:16.242" >
              <step title="Executing external process" date="2025-10-28T06:50:16.588" type="process" path="bash" arguments="-c &quot;oryx build /home/site/repository -o /home/site/wwwroot --platform nodejs --platform-version 20 -p virtualenv_name= --log-file /tmp/build-debug.log  -i /tmp/8de15ee40517166 -p compress_node_modules=tar-gz | tee /tmp/oryx-build.log ; exit $PIPESTATUS &quot;" /><!-- duration: 64346ms -->
              <step title="Using GenericDeploymentLogParser" date="2025-10-28T06:51:21.306" /><!-- duration: 2ms -->
              <step title="Triggering recycle (preview mode disabled)." date="2025-10-28T06:51:22.559" /><!-- duration: 10ms -->
              <step title="Modified file to trigger a restart of the app container." date="2025-10-28T06:51:22.642" /><!-- duration: 2ms -->
              <step title="Skip function trigger and logicapp sync because function is not enabled." date="2025-10-28T06:51:22.655" /><!-- duration: 3ms -->
              <step title="Purge deployment items" date="2025-10-28T06:51:23.307" >
                <step title="Remove 156c983e-, Failed, received at 10/28/2025 06:47:35" date="2025-10-28T06:51:23.364" /><!-- duration: 5ms -->
              </step><!-- duration: 65ms -->
            </step><!-- duration: 67194ms -->
          </step><!-- duration: 67390ms -->
          <step title="Cleaning up temp files" date="2025-10-28T06:51:23.449" /><!-- duration: 139ms -->
          <step title="Cleaning up temp files" date="2025-10-28T06:51:23.594" /><!-- duration: 506ms -->
          <step title="Reloading status file with latest updates" date="2025-10-28T06:51:24.149" >
            <step title="WebHooksManager.PublishEventAsync: PostDeployment" date="2025-10-28T06:51:24.157" /><!-- duration: 81ms -->
          </step><!-- duration: 91ms -->
          <step title="Cleaning up temporary deployment - fetch deployment was successful" date="2025-10-28T06:51:24.245" /><!-- duration: 3ms -->
        </step><!-- duration: 68451ms -->
      </step><!-- duration: 70200ms -->
