<step title="Incoming Request" date="2025-10-28T06:16:37.687" instance="aff901" url="/api/zipdeploy?isAsync=true" method="POST" type="request" pid="823,1,5" Accept="*/*" Host="bigin-webhook-server.scm.azurewebsites.net" User-Agent="AZURECLI/2.77.0 (MSI)" Accept-Encoding="gzip, deflate" Authorization="Bea..." Cache-Control="no-cache" Content-Type="application/octet-stream" Content-Length="64280535" x-ms-client-request-id="903dffb4-b3c5-11f0-8299-04e8b98032ce" x-ms-artifact-checksum="669624985f097c96bf53631eb073812f4f2c332e19294cf6ec2089f2f37095c7" X-ARR-LOG-ID="903dffb4-b3c5-11f0-8299-04e8b98032ce" CLIENT-IP="117.195.98.255:59053" X-SITE-DEPLOYMENT-ID="bigin-webhook-server" WAS-DEFAULT-HOSTNAME="bigin-webhook-server.scm.azurewebsites.net" X-Forwarded-Proto="https" X-AppService-Proto="https" X-Forwarded-TlsVersion="1.3" X-WAWS-Unencoded-URL="/api/zipdeploy?isAsync=true" X-Client-IP="117.195.98.255" X-Client-Port="59053" >
  <step title="ZipPushDeploy" date="2025-10-28T06:16:38.219" >
    <step title="ZipDeploy. Extract zip." date="2025-10-28T06:16:38.224" /><!-- duration: 2ms -->
    <step title="None repository commit" date="2025-10-28T06:16:38.229" >
      <step title="Commit id: a3b9290a-2a49-4158-aa8f-b32f3d56e224" date="2025-10-28T06:16:38.231" Message="N/A" AuthorName="N/A" AuthorEmail="N/A" /><!-- duration: 1ms -->
    </step><!-- duration: 5ms -->
    <step title="Starting PushDeployAsync" date="2025-10-28T06:16:38.236" /><!-- duration: 2ms -->
    <step title="Writing artifact to /tmp/zipdeploy/ce61bd12-9e46-432e-8e89-b9888a340abf.zip" date="2025-10-28T06:16:38.244" >
      <step title="Writing multipart request body to /tmp/zipdeploy/ce61bd12-9e46-432e-8e89-b9888a340abf.zip" date="2025-10-28T06:16:38.249" /><!-- duration: 2ms -->
    </step><!-- duration: 5701ms -->
    <step title="Start deployment in the background" date="2025-10-28T06:16:43.959" >
      <step title="Acquiring Deployment Lock" date="2025-10-28T06:16:43.998" /><!-- duration: 8ms -->
      <step title="Acquired Deployment Lock" date="2025-10-28T06:16:44.043" /><!-- duration: 2ms -->
    </step><!-- duration: 179ms -->
  </step><!-- duration: 5970ms -->
  <step title="Outgoing response" date="2025-10-28T06:16:44.248" type="response" statusCode="202" statusText="Accepted" /><!-- duration: 2ms -->
</step><!-- duration: 6583ms -->
