﻿<?xml version="1.0" encoding="utf-8"?>
<deployment>
  <id>8c1ea983ad00c0164a56ba2c6b10208e0998cf3e</id>
  <author>asitmonty</author>
  <deployer>GitHub</deployer>
  <authorEmail>asit.mohanty@yavda.in</authorEmail>
  <message>Fix duplicate PORT declaration causing syntax error</message>
  <progress></progress>
  <status>Success</status>
  <statusText></statusText>
  <lastSuccessEndTime>2025-10-28T07:15:22.5168078Z</lastSuccessEndTime>
  <receivedTime>2025-10-28T07:14:29.5858943Z</receivedTime>
  <startTime>2025-10-28T07:14:31.0110095Z</startTime>
  <endTime>2025-10-28T07:15:22.5168078Z</endTime>
  <complete>True</complete>
  <is_temp>False</is_temp>
  <is_readonly>False</is_readonly>
  <buildSummary />
</deployment>